ANN_Options(tanh|3|1|32|0.001),0.315909793382594,0.8480243161330533,0.30654151142975833,0.8554031138925831
ANN_Options(tanh|3|1|32|0.005),0.309240464905349,0.8655345579647429,0.2960517596799713,0.8729767226118033
ANN_Options(tanh|3|1|32|0.01),0.3020818783889693,0.8617682040044902,0.2928302014840665,0.8677354708775655
ANN_Options(tanh|3|1|32|0.05),0.279110150941694,0.8659310162705444,0.268003702811473,0.8728225681490315
ANN_Options(tanh|3|1|32|0.1),0.2822246218950159,0.8695652174070582,0.27302626716680806,0.8791429010859179
ANN_Options(tanh|3|2|32|0.001),0.3438830144877665,0.8255583454709678,0.3359978592908491,0.8308925542751299
ANN_Options(tanh|3|2|32|0.005),0.32528647774510705,0.8491476146031421,0.31282046834199,0.8567905040575283
ANN_Options(tanh|3|2|32|0.01),0.3011285865836183,0.8585304611737778,0.2876246392873911,0.8698936333931225
ANN_Options(tanh|3|2|32|0.05),0.274083682835236,0.8726047310848697,0.2649504239664472,0.8789887466598995
ANN_Options(tanh|3|2|32|0.1),0.30647465348779346,0.8662613981369072,0.29055018092003004,0.8748265761650635
ANN_Options(tanh|3|3|32|0.001),0.3178344720442134,0.8523853574889929,0.3052945423102331,0.8564821950952316
ANN_Options(tanh|3|3|32|0.005),0.30287785361603037,0.857010704334872,0.2895188778753694,0.8668105441376887
ANN_Options(tanh|3|3|32|0.01),0.29939313168111054,0.8629575789218946,0.28977950975581424,0.8709727145957712
ANN_Options(tanh|3|3|32|0.05),0.3135502508905332,0.8613717456986886,0.30000891315839645,0.866810544064182
ANN_Options(tanh|3|3|32|0.1),0.3201646428214081,0.8649398705060406,0.30694526949868983,0.871589332446858
ANN_Options(tanh|6|1|32|0.001),0.31995783943362416,0.8492136909874424,0.3088124361706383,0.8558655772808981
ANN_Options(tanh|6|1|32|0.005),0.292492530975125,0.8620325095968295,0.2819381788136394,0.8711268690585429
ANN_Options(tanh|6|1|32|0.01),0.2897263423949421,0.8615699748437124,0.27735412900448214,0.8708185601697528
ANN_Options(tanh|6|1|32|0.05),0.263560598980755,0.8702259811949222,0.25584526483388165,0.8802219823620729
ANN_Options(tanh|6|1|32|0.1),0.25250410167956994,0.8810625082201634,0.24922619565933166,0.8836133805430503
ANN_Options(tanh|6|2|32|0.001),0.31041136296576516,0.8474957050586512,0.29986523523873904,0.8552489594298113
ANN_Options(tanh|6|2|32|0.005),0.2766805258604783,0.8705563631164235,0.26559767942960044,0.8817635269530367
ANN_Options(tanh|6|2|32|0.01),0.28690187329185424,0.8640148010706986,0.2794669763790508,0.8763681207927806
ANN_Options(tanh|6|2|32|0.05),0.25775433231789574,0.874785251766778,0.2507672320212351,0.8803761367880913
ANN_Options(tanh|6|2|32|0.1),0.2723398350599626,0.8689705299483559,0.2649362777476504,0.8762139663300088
ANN_Options(tanh|6|3|32|0.001),0.3203832296544059,0.8556231003197052,0.31098058901546877,0.8595652843139123
ANN_Options(tanh|6|3|32|0.005),0.3060625779576766,0.8580679265388145,0.29191597793564256,0.8666563896749169
ANN_Options(tanh|6|3|32|0.01),0.2787699110287096,0.856482093268347,0.2703352793212736,0.8683520888021589
ANN_Options(tanh|6|3|32|0.05),0.2593498560850444,0.8768996960722629,0.24993628834527723,0.8831509171547353
ANN_Options(tanh|6|3|32|0.1),0.2722443735503419,0.8704242104029615,0.2592687854850276,0.8817635269530367
ANN_Options(tanh|9|1|32|0.001),0.3072326037044709,0.8543015726415771,0.296467551625306,0.8624942191433278
ANN_Options(tanh|9|1|32|0.005),0.3185939037557226,0.8422095943146312,0.30680245655388244,0.8544781870791995
ANN_Options(tanh|9|1|32|0.01),0.2844090674762227,0.8696312937283431,0.27223778101775686,0.8765222752555523
ANN_Options(tanh|9|1|32|0.05),0.23858909745488596,0.8867450772699851,0.2329773806599452,0.8947125018258593
ANN_Options(tanh|9|1|32|0.1),0.2462404104146835,0.8832430289572102,0.2407154116348289,0.8907044858305484
ANN_Options(tanh|9|2|32|0.001),0.2999408052180928,0.8580018501072527,0.2909327254643403,0.8658856173243051
ANN_Options(tanh|9|2|32|0.005),0.29735514425106563,0.8644112594316385,0.28669195448431595,0.8729767226485565
ANN_Options(tanh|9|2|32|0.01),0.26760233867998656,0.8732654948727339,0.2643670686196891,0.8791429010859179
ANN_Options(tanh|9|2|32|0.05),0.236545597861414,0.8830447998043094,0.2355015604599279,0.8896254046278999
ANN_Options(tanh|9|2|32|0.1),0.2518394903398118,0.880401744369284,0.24415098253137363,0.8882380143894479
ANN_Options(tanh|9|3|32|0.001),0.2664719296207481,0.8735298004099348,0.2573144956906367,0.8809927546759315
ANN_Options(tanh|9|3|32|0.005),0.29781357235285916,0.8617021276753283,0.28617919190135416,0.8698936333563693
ANN_Options(tanh|9|3|32|0.01),0.2797999703121639,0.8659970926548446,0.2700674301103798,0.8755973485156754
ANN_Options(tanh|9|3|32|0.05),0.2485028513911159,0.8817893485104815,0.24433381302580548,0.8896254045543932
ANN_Options(tanh|9|3|32|0.1),0.28140201948822385,0.871084974245964,0.2746969946033142,0.8771388931066391
ANN_Options(tanh|12|1|32|0.001),0.32418741731437617,0.8338178935163761,0.31483633085081497,0.8430707568708472
ANN_Options(tanh|12|1|32|0.005),0.30703584336850104,0.8557552530961826,0.2940063225215952,0.8638816093450263
ANN_Options(tanh|12|1|32|0.01),0.28440228070326773,0.8674507730543117,0.27456463052639524,0.8745182672027669
ANN_Options(tanh|12|1|32|0.05),0.26224959157362976,0.8727368837983318,0.25560458069482017,0.8777555109209726
ANN_Options(tanh|12|1|32|0.1),0.2393799314957968,0.8918329588611044,0.23699172629732296,0.893633420659964
ANN_Options(tanh|12|2|32|0.001),0.29308472705104793,0.8630236553061948,0.28291202406955274,0.8698936333563693
ANN_Options(tanh|12|2|32|0.005),0.29832923631695185,0.8607109819187014,0.28699571419353936,0.8683520886918991
ANN_Options(tanh|12|2|32|0.01),0.27460255797888905,0.8702259812500607,0.26542109829886623,0.8789887466966527
ANN_Options(tanh|12|2|32|0.05),0.22938049013255152,0.8926919519121461,0.22814158761521527,0.8990288269580449
ANN_Options(tanh|12|2|32|0.1),0.2479856827937424,0.872538654645431,0.24302611486357167,0.8803761367880913
ANN_Options(tanh|12|3|32|0.001),0.2970788910624624,0.8614378221381273,0.2870727871247905,0.8677354708775655
ANN_Options(tanh|12|3|32|0.005),0.29092690832661844,0.861636051298905,0.27832922258122744,0.8705102512074561
ANN_Options(tanh|12|3|32|0.01),0.25539659587335317,0.8757103210839662,0.2467072124434892,0.8819176814158084
ANN_Options(tanh|12|3|32|0.05),0.2965965666181111,0.8693009118777341,0.2925540635705968,0.8740558038879583
ANN_Options(tanh|12|3|32|0.1),0.27635211864314274,0.8664596273449464,0.2675565187573084,0.8709727145590178
ANN_Options(sigmoid|3|1|32|0.001),0.44687731463417313,0.819281088962444,0.4360476586619125,0.8313550176266917
ANN_Options(sigmoid|3|1|32|0.005),0.34262938367197215,0.8408219902443259,0.32705441079155145,0.8496993987332769
ANN_Options(sigmoid|3|1|32|0.01),0.3339787037247819,0.8410202193972266,0.31990031574363054,0.8518575612120807
ANN_Options(sigmoid|3|1|32|0.05),0.29077233083263576,0.8654684815174273,0.27725131712544954,0.8749807306645886
ANN_Options(sigmoid|3|1|32|0.1),0.29138932299610804,0.8639487247494138,0.2785066801630258,0.8739016494251867
ANN_Options(sigmoid|3|2|32|0.001),0.6799392582907992,0.5617814193246732,0.6797911808048611,0.5612763989241847
ANN_Options(sigmoid|3|2|32|0.005),0.6818885865056469,0.5617814193246732,0.681858507311912,0.5612763989241847
ANN_Options(sigmoid|3|2|32|0.01),0.3363713722602685,0.8474957050586512,0.32318973517829547,0.8566363495580033
ANN_Options(sigmoid|3|2|32|0.05),0.3087895260243777,0.859389454169681,0.2957607023573003,0.8675813164147939
ANN_Options(sigmoid|3|2|32|0.1),0.28729151783049994,0.868838377124617,0.27477435793607613,0.8768305841810956
ANN_Options(sigmoid|3|3|32|0.001),0.6842457479508689,0.5617814193246732,0.6843101029607757,0.5612763989241847
ANN_Options(sigmoid|3|3|32|0.005),0.6855274340475316,0.5617814193246732,0.6856618795112632,0.5612763989241847
ANN_Options(sigmoid|3|3|32|0.01),0.684871859069669,0.5617814193246732,0.6849829122063484,0.5612763989241847
ANN_Options(sigmoid|3|3|32|0.05),0.3107463597652697,0.8491476146661575,0.29799488128949814,0.8583320486117387
ANN_Options(sigmoid|3|3|32|0.1),0.29655936665589794,0.8657327870625052,0.28503888648813636,0.8740558038144518
ANN_Options(sigmoid|6|1|32|0.001),0.35113298890611777,0.8332232059867817,0.33544564378064934,0.841529212206377
ANN_Options(sigmoid|6|1|32|0.005),0.3419424940938913,0.8268798731569729,0.32729354209960176,0.8381378140621529
ANN_Options(sigmoid|6|1|32|0.01),0.33530450595863526,0.8303158450854475,0.3216006894940052,0.8427624479453039
ANN_Options(sigmoid|6|1|32|0.05),0.29864461611091375,0.8663274745133306,0.2853464475348052,0.8743641128135018
ANN_Options(sigmoid|6|1|32|0.1),0.29748413274715735,0.858332232020877,0.29053189521745887,0.8666563896014103
ANN_Options(sigmoid|6|2|32|0.001),0.6591563873771823,0.5618474957089735,0.6581729585444117,0.5612763989241847
ANN_Options(sigmoid|6|2|32|0.005),0.35216793801930396,0.8195453944445066,0.3371123592741816,0.8315091720894634
ANN_Options(sigmoid|6|2|32|0.01),0.33578775017110585,0.8488172327446563,0.32165880834576677,0.8577154307974052
ANN_Options(sigmoid|6|2|32|0.05),0.30273993586050846,0.8591251486324801,0.2891773051660234,0.86542315393599
ANN_Options(sigmoid|6|2|32|0.1),0.28480924390038803,0.871349279783165,0.2781536600908403,0.8766764297183239
ANN_Options(sigmoid|6|3|32|0.001),0.6853864009351669,0.5617814193246732,0.6855023999289149,0.5612763989241847
ANN_Options(sigmoid|6|3|32|0.005),0.6842689782054165,0.5617814193246732,0.684346893608469,0.5612763989241847
ANN_Options(sigmoid|6|3|32|0.01),0.6390882705671714,0.6543544337805249,0.6370602672394461,0.6591644828209657
ANN_Options(sigmoid|6|3|32|0.05),0.31232445691289434,0.8549623364767027,0.3017378931367491,0.8629566826694677
ANN_Options(sigmoid|6|3|32|0.1),0.2857804494221081,0.8684419188109386,0.2745397109242568,0.8785262832715843
ANN_Options(sigmoid|9|1|32|0.001),0.3444119285045282,0.8293907757603824,0.3285729841410847,0.8393710497275733
ANN_Options(sigmoid|9|1|32|0.005),0.33777567613498216,0.8389718514839188,0.32264927746298794,0.8470787728661581
ANN_Options(sigmoid|9|1|32|0.01),0.3327918864389825,0.8396986917112216,0.3195526795962825,0.8501618621583453
ANN_Options(sigmoid|9|1|32|0.05),0.30245335776818166,0.8619003568282291,0.2896874162014008,0.8732850315740999
ANN_Options(sigmoid|9|1|32|0.1),0.2784796202727853,0.8704902867242463,0.2686790560553212,0.8816093725270183
ANN_Options(sigmoid|9|2|32|0.001),0.6557055204393875,0.5618474957089735,0.6545398783955751,0.5614305533869564
ANN_Options(sigmoid|9|2|32|0.005),0.3462065387878075,0.845843795451145,0.33013566549742773,0.8558655772441448
ANN_Options(sigmoid|9|2|32|0.01),0.3334701471754404,0.8470331703685495,0.31917372807637556,0.8564821951319849
ANN_Options(sigmoid|9|2|32|0.05),0.297972002920456,0.8622307386945919,0.2853434332644276,0.8705102511707028
ANN_Options(sigmoid|9|2|32|0.1),0.29048543758872514,0.8667900092664477,0.2806591798927671,0.8729767226118033
ANN_Options(sigmoid|9|3|32|0.001),0.6853916298544389,0.5617814193246732,0.6855205030916872,0.5612763989241847
ANN_Options(sigmoid|9|3|32|0.005),0.6830375823836605,0.5617814193246732,0.6830450902555579,0.5612763989241847
ANN_Options(sigmoid|9|3|32|0.01),0.3445762802898545,0.8496762257405596,0.3292681103552437,0.8589486664995788
ANN_Options(sigmoid|9|3|32|0.05),0.3060829823321484,0.8598519888597829,0.2922553026576944,0.8712810235213145
ANN_Options(sigmoid|9|3|32|0.1),0.28532281990203767,0.8704242104029615,0.2745143610835351,0.8766764296815707
ANN_Options(sigmoid|12|1|32|0.001),0.3443157572293827,0.8328267477439955,0.32831819488488784,0.8441498380734959
ANN_Options(sigmoid|12|1|32|0.005),0.35548337442140465,0.8480243161330533,0.3395975112124843,0.8564821950952316
ANN_Options(sigmoid|12|1|32|0.01),0.33299976386434105,0.8370556362840731,0.3196408773940536,0.8464621550518245
ANN_Options(sigmoid|12|1|32|0.05),0.3099660111006112,0.8591912250719188,0.2969254159828134,0.8675813164147939
ANN_Options(sigmoid|12|1|32|0.1),0.2984545445157055,0.8676490021993356,0.28752225605736204,0.8739016493884334
ANN_Options(sigmoid|12|2|32|0.001),0.38835739411213793,0.8291925466074817,0.3746561819771616,0.8418375211319203
ANN_Options(sigmoid|12|2|32|0.005),0.35369882960765037,0.8413506012557126,0.3373127604267787,0.8513950978237657
ANN_Options(sigmoid|12|2|32|0.01),0.3313920529559501,0.8350733447550656,0.3177950181238122,0.8469246184401397
ANN_Options(sigmoid|12|2|32|0.05),0.2993601720651642,0.8609092110716022,0.2863589935665122,0.8688145521537207
ANN_Options(sigmoid|12|2|32|0.1),0.27975126776415465,0.8657327870546283,0.2703686389852162,0.8780638198832692
ANN_Options(sigmoid|12|3|32|0.001),0.683982626196414,0.5617814193246732,0.6840373704094208,0.5612763989241847
ANN_Options(sigmoid|12|3|32|0.005),0.6853653843862559,0.5617814193246732,0.6853632102932201,0.5612763989241847
ANN_Options(sigmoid|12|3|32|0.01),0.6683234621011173,0.5618474957089735,0.6677048068228866,0.5612763989241847
ANN_Options(sigmoid|12|3|32|0.05),0.3082581809896041,0.8582661556995922,0.2952338199237287,0.8641899182338165
ANN_Options(sigmoid|12|3|32|0.1),0.2894213967339372,0.8654684815253042,0.27794818318972553,0.8743641127767485
ANN_Options(elu|3|1|32|0.001),0.3275884042190122,0.8393683097345819,0.3159319770819457,0.8535532603760759
ANN_Options(elu|3|1|32|0.005),0.32016575132444103,0.8574071626406735,0.30757872476606424,0.8634191459567113
ANN_Options(elu|3|1|32|0.01),0.33345346219933175,0.8503369895756852,0.3228818959322074,0.8549406504307614
ANN_Options(elu|3|1|32|0.05),0.2985109671767202,0.8638165719729364,0.2856128923841888,0.8729767226118033
ANN_Options(elu|3|1|32|0.1),0.26644420237810273,0.874587022550862,0.25684719289582225,0.8868506242612559
ANN_Options(elu|3|2|32|0.001),0.3253225689482875,0.8529139685082565,0.3131464866372016,0.8580237397229485
ANN_Options(elu|3|2|32|0.005),0.32317621418912107,0.8535086559669587,0.3104150518487851,0.8583320486852453
ANN_Options(elu|3|2|32|0.01),0.3262055073835835,0.848751156360356,0.3129772949709406,0.8566363495947567
ANN_Options(elu|3|2|32|0.05),0.2998978072174068,0.8621646623654301,0.2959125995939201,0.8680437798031089
ANN_Options(elu|3|2|32|0.1),0.28716483404208826,0.8634201136671348,0.2800869891129713,0.8702019422819127
ANN_Options(elu|3|3|32|0.001),0.3026292645917065,0.8621646623654301,0.2903084853121068,0.8711268690585429
ANN_Options(elu|3|3|32|0.005),0.32537350435860013,0.8523192810495542,0.3119877950011701,0.8598735932762089
ANN_Options(elu|3|3|32|0.01),0.29263517749314266,0.868045460513014,0.28026483340827163,0.8780638198465159
ANN_Options(elu|3|3|32|0.05),0.29896879788905134,0.8578036210016134,0.28827463800906766,0.8621859102177845
ANN_Options(elu|3|3|32|0.1),0.3039521441893516,0.8579357737150756,0.29305160089268306,0.8668105441009353
ANN_Options(elu|6|1|32|0.001),0.32696519528793916,0.8513942116693507,0.3139097218302525,0.8586403576107887
ANN_Options(elu|6|1|32|0.005),0.31951151379619547,0.847693934211552,0.30603848261974326,0.8550948049670396
ANN_Options(elu|6|1|32|0.01),0.3094106645742905,0.8474957050507743,0.2975172370336852,0.8554031138558298
ANN_Options(elu|6|1|32|0.05),0.2607756343230682,0.8768996960013707,0.25045411763085373,0.8865423154735375
ANN_Options(elu|6|1|32|0.1),0.2584466179398355,0.8786176820010542,0.2508204358098539,0.8871589331867994
ANN_Options(elu|6|2|32|0.001),0.304916771696158,0.8554909475589816,0.29554237047916976,0.8609526745156109
ANN_Options(elu|6|2|32|0.005),0.31460456038712353,0.846240253701808,0.30548352200646456,0.8484661630311033
ANN_Options(elu|6|2|32|0.01),0.2828247964153741,0.8674507730464348,0.27114752762873,0.8825342993404017
ANN_Options(elu|6|2|32|0.05),0.25231986280490815,0.8817232721261813,0.25080264385554757,0.8857715430218541
ANN_Options(elu|6|2|32|0.1),0.2934979676877364,0.8686401480268546,0.28980082728764633,0.8766764297550772
ANN_Options(elu|6|3|32|0.001),0.29694968947208555,0.8630236553613333,0.28414273392498096,0.872205950334698
ANN_Options(elu|6|3|32|0.005),0.3173213209432577,0.8519228227437528,0.30457099993772496,0.860027747775734
ANN_Options(elu|6|3|32|0.01),0.26777324432565497,0.870424210347823,0.2608844975265972,0.8789887466231461
ANN_Options(elu|6|3|32|0.05),0.2597355636884597,0.8796749041419812,0.2545360468450893,0.8820718359153333
ANN_Options(elu|6|3|32|0.1),6.986249566535047,0.5617814193246732,6.99430078498678,0.5612763989241847
ANN_Options(elu|9|1|32|0.001),0.3203506557120977,0.8480903925173535,0.30810745221009805,0.8578695852969301
ANN_Options(elu|9|1|32|0.005),0.32648053319069487,0.8453151843767429,0.31491869611770984,0.8546323415787246
ANN_Options(elu|9|1|32|0.01),0.2982461436060755,0.8557552530961826,0.28721262661374664,0.8683520887654056
ANN_Options(elu|9|1|32|0.05),0.2539540271794007,0.8725386547005695,0.24680314531527703,0.8802219823253197
ANN_Options(elu|9|1|32|0.1),0.2808074769805819,0.875578168378381,0.2739083843338153,0.8808386002131597
ANN_Options(elu|9|2|32|0.001),0.32124348944396436,0.8393683097897203,0.3123244139461611,0.8496993987332769
ANN_Options(elu|9|2|32|0.005),0.3237331327909016,0.8523853574338545,0.3113639868700543,0.8584862031480169
ANN_Options(elu|9|2|32|0.01),0.29163514756456904,0.8640808775180142,0.2837711827209556,0.8752890395166254
ANN_Options(elu|9|2|32|0.05),0.24999228247062397,0.8714153561044499,0.24614033535299745,0.8802219824998978
ANN_Options(elu|9|2|32|0.1),0.2917889664718839,0.8689044535640557,0.28526567656581864,0.8757515029049405
ANN_Options(elu|9|3|32|0.001),0.2929541209351517,0.858992995919018,0.28324201998476145,0.86542315393599
ANN_Options(elu|9|3|32|0.005),0.30364857308219,0.8634861899962967,0.29044716968656925,0.8711268690585429
ANN_Options(elu|9|3|32|0.01),0.2726278379845055,0.8714814325596424,0.265112043111593,0.8839216894685937
ANN_Options(elu|9|3|32|0.05),0.2451909643247009,0.8768336196249473,0.23840942763392797,0.8825342992668952
ANN_Options(elu|9|3|32|0.1),0.27319507108066143,0.8686401479717163,0.2681687151671779,0.8728225681122782
ANN_Options(elu|12|1|32|0.001),0.3302535077209153,0.8527157393553557,0.31789943241863566,0.8587945120735604
ANN_Options(elu|12|1|32|0.005),0.33350907106435457,0.8537729615592982,0.3199307268199153,0.8594111298878938
ANN_Options(elu|12|1|32|0.01),0.2868085093269484,0.8615038985224276,0.27663110594215057,0.8731308770745749
ANN_Options(elu|12|1|32|0.05),0.2783701899062064,0.8696973701756587,0.2751724278686115,0.8759056573677122
ANN_Options(elu|12|1|32|0.1),0.2587729125202797,0.8784194528481534,0.2528111370705632,0.8836133806441219
ANN_Options(elu|12|2|32|0.001),0.3336743238786103,0.8303819214697478,0.32391447978301247,0.837983659562628
ANN_Options(elu|12|2|32|0.005),0.34596803118376934,0.8237082067105609,0.3381783586860861,0.8304300908868147
ANN_Options(elu|12|2|32|0.01),0.2662882549776589,0.8706224395007238,0.25843268596135505,0.8783721288088127
ANN_Options(elu|12|2|32|0.05),0.2645630451659947,0.87610677946066,0.2656001797465931,0.8788345921971277
ANN_Options(elu|12|2|32|0.1),0.22901336462569863,0.894277785135352,0.22779226615503534,0.8985663635697297
ANN_Options(elu|12|3|32|0.001),0.28687800721635714,0.8677150785836358,0.27452289643742667,0.8782179743827943
ANN_Options(elu|12|3|32|0.005),0.29047558582394634,0.861636051291028,0.2787560234226761,0.8726684136495065
ANN_Options(elu|12|3|32|0.01),0.279678275291523,0.8621646623102917,0.27207925302857,0.8711268690585429
ANN_Options(elu|12|3|32|0.05),0.22585622697489666,0.8930223337785089,0.22318732892399268,0.8977955910812931
ANN_Options(elu|12|3|32|0.1),0.27629041166448587,0.849544072971959,0.2689115413995375,0.8563280405957067
ANN_Options(softplus|3|1|32|0.001),0.33104724328001506,0.843465045616336,0.3184336912830456,0.8532449514137792
ANN_Options(softplus|3|1|32|0.005),0.3363749176456794,0.8507334478263482,0.3227054682280739,0.8577154308341585
ANN_Options(softplus|3|1|32|0.01),0.32764432144571487,0.8408219901891875,0.3145652884729143,0.8498535532328019
ANN_Options(softplus|3|1|32|0.05),0.32944698974212505,0.8451169551608269,0.31823591803648044,0.8513950977870123
ANN_Options(softplus|3|1|32|0.1),0.2979795282530126,0.8543676489549851,0.2854989665773335,0.862185910291291
ANN_Options(softplus|3|2|32|0.001),0.33499319802364647,0.8303819214697478,0.32315726994236904,0.8424541390197604
ANN_Options(softplus|3|2|32|0.005),0.33901989894797374,0.8262191092588319,0.32601318546173585,0.8367504238972077
ANN_Options(softplus|3|2|32|0.01),0.32840111835544517,0.8467688648313485,0.31552186921636294,0.8561738862064415
ANN_Options(softplus|3|2|32|0.05),0.30351997508041073,0.859785912530621,0.29169022447525933,0.8669646985637071
ANN_Options(softplus|3|2|32|0.1),0.29094297216435444,0.8681776133367529,0.2779197343439208,0.8749807306278353
ANN_Options(softplus|3|3|32|0.001),0.3280000193077774,0.8513942117323661,0.31451377350247217,0.8595652843874189
ANN_Options(softplus|3|3|32|0.005),0.3391980230296258,0.8308444562149879,0.32693309008533056,0.8398335131158883
ANN_Options(softplus|3|3|32|0.01),0.32694013865160726,0.8447204969180407,0.3129148787501708,0.853861569264866
ANN_Options(softplus|3|3|32|0.05),0.3024902995761956,0.8595216069382816,0.28727610796777275,0.8694311699680541
ANN_Options(softplus|3|3|32|0.1),0.3526549197273587,0.8432007400870118,0.33263194447988276,0.8526283335259391
ANN_Options(softplus|6|1|32|0.001),0.334119454461422,0.8306462270069488,0.322082451873041,0.8430707568708472
ANN_Options(softplus|6|1|32|0.005),0.338119286262518,0.8517906699751522,0.32448509289116856,0.8570988129463184
ANN_Options(softplus|6|1|32|0.01),0.3297380120590087,0.8512620589007502,0.3159444359090528,0.8594111299246472
ANN_Options(softplus|6|1|32|0.05),0.30002777982029083,0.8643451829921999,0.28703419617700965,0.8726684137230131
ANN_Options(softplus|6|1|32|0.1),0.274507736004185,0.8712171269515491,0.2662762912567139,0.8800678278993013
ANN_Options(softplus|6|2|32|0.001),0.32536002725768437,0.8520549755123532,0.31254508963659583,0.8591028209991037
ANN_Options(softplus|6|2|32|0.005),0.33127598389067486,0.8491476146661575,0.3178871915798737,0.8577154308341585
ANN_Options(softplus|6|2|32|0.01),0.3269240660744298,0.852781815739656,0.3130877856868652,0.8606443656268207
ANN_Options(softplus|6|2|32|0.05),0.3023525261455189,0.860578829142224,0.2898784645702285,0.8688145521169673
ANN_Options(softplus|6|2|32|0.1),0.30779410968986953,0.8520549755123532,0.29554307249453504,0.8607985200160858
ANN_Options(softplus|6|3|32|0.001),0.32623415287410285,0.8420774414908923,0.3130990803811406,0.8530907969510075
ANN_Options(softplus|6|3|32|0.005),0.32954312844227274,0.8381128584328772,0.3164702818631501,0.8480036996795416
ANN_Options(softplus|6|3|32|0.01),0.31547231772340745,0.8541033434807994,0.3031558835058049,0.8624942191800811
ANN_Options(softplus|6|3|32|0.05),0.3114069216873965,0.8507334478263482,0.29834334513007976,0.8574071218718617
ANN_Options(softplus|6|3|32|0.1),0.308222132936185,0.8533104268770734,0.30853663720977276,0.8574071218718617
ANN_Options(softplus|9|1|32|0.001),0.3320764280443102,0.8473635522900508,0.31961408915827705,0.8572529674458433
ANN_Options(softplus|9|1|32|0.005),0.3253575326886914,0.8356019558294676,0.3125446561131875,0.8486203175673817
ANN_Options(softplus|9|1|32|0.01),0.31692567325904974,0.8468349412156487,0.3039390144848724,0.8552489594298113
ANN_Options(softplus|9|1|32|0.05),0.2722344818023232,0.8700277520420215,0.2607236973848294,0.8797595189737579
ANN_Options(softplus|9|1|32|0.1),0.27280934787306993,0.8704902867321233,0.26414068552035297,0.8783721288455659
ANN_Options(softplus|9|2|32|0.001),0.33124275054392227,0.8338178934533609,0.3190961467185152,0.8456913827747193
ANN_Options(softplus|9|2|32|0.005),0.3427945489263982,0.8196775472131071,0.33067298530889105,0.8295051641101846
ANN_Options(softplus|9|2|32|0.01),0.32699649624533395,0.8531782741005959,0.31318154245160185,0.8604902111272957
ANN_Options(softplus|9|2|32|0.05),0.30004242305177764,0.8566803224763861,0.2943071414440461,0.8601819022017524
ANN_Options(softplus|9|2|32|0.1),0.29263685782109794,0.8602484472207228,0.28286750950705974,0.8686603976541957
ANN_Options(softplus|9|3|32|0.001),0.32535196176541914,0.8453812607610433,0.31213969648279466,0.8563280406692132
ANN_Options(softplus|9|3|32|0.005),0.32912848981790754,0.8498744548934603,0.31574988629337597,0.8577154307974052
ANN_Options(softplus|9|3|32|0.01),0.32115245439251017,0.8527157394104942,0.3086277378970823,0.8595652843506656
ANN_Options(softplus|9|3|32|0.05),0.28257553548199726,0.8585304612289163,0.2698295594217304,0.8708185602708243
ANN_Options(softplus|9|3|32|0.1),0.3207551234186255,0.8549623364215643,0.313884951924256,0.8607985200160858
ANN_Options(softplus|12|1|32|0.001),0.33159466147485805,0.8391700805816812,0.319661823313391,0.8493910898444869
ANN_Options(softplus|12|1|32|0.005),0.3327332790515154,0.8502709131362465,0.3198577107625326,0.8581778942224736
ANN_Options(softplus|12|1|32|0.01),0.3226645471351188,0.8457116426825445,0.30954847370087873,0.8557114228181264
ANN_Options(softplus|12|1|32|0.05),0.2924264008938691,0.8660631689840065,0.2842397459514045,0.8748265761283103
ANN_Options(softplus|12|1|32|0.1),0.28612008576618725,0.8644773357608004,0.27356441686751387,0.8723601047607165
ANN_Options(softplus|12|2|32|0.001),0.342098538356806,0.8201400819662242,0.33083707676272706,0.8284260828707827
ANN_Options(softplus|12|2|32|0.005),0.33548008397987594,0.8527157394104942,0.3218001231392672,0.8584862031112637
ANN_Options(softplus|12|2|32|0.01),0.3235848395066988,0.8387736222758797,0.31051237499179135,0.8483120086050849
ANN_Options(softplus|12|2|32|0.05),0.30674786765871265,0.8571428571664879,0.29869975108973174,0.8666563896381636
ANN_Options(softplus|12|2|32|0.1),0.2826374350828272,0.867252543893534,0.2737353833041096,0.8749807306278353
ANN_Options(softplus|12|3|32|0.001),0.3351507656038934,0.8298533104504842,0.3233603863819402,0.8410667488548151
ANN_Options(softplus|12|3|32|0.005),0.3319018717342723,0.8367913307468722,0.31916051820042285,0.8480036996795416
ANN_Options(softplus|12|3|32|0.01),0.32752678641101496,0.8533104268691964,0.3137652400840279,0.8604902111272957
ANN_Options(softplus|12|3|32|0.05),0.29777466479279774,0.8569446280057103,0.2904585551155244,0.8644982271593599
ANN_Options(softplus|12|3|32|0.1),0.2884187758898379,0.8642130302157225,0.27849593280790325,0.8708185601329994
ANN_Options(relu|3|1|32|0.001),0.33332334067935876,0.8366591779782716,0.3210994538998813,0.8478495452167698
ANN_Options(relu|3|1|32|0.005),0.685511366913305,0.5617814193246732,0.6856309382504228,0.5612763989241847
ANN_Options(relu|3|1|32|0.01),0.30984184115601293,0.8449848023922264,0.2997061762012942,0.8543240326164279
ANN_Options(relu|3|1|32|0.05),0.3329070701897814,0.8308444562149879,0.32288595496073735,0.8375211962110661
ANN_Options(relu|3|1|32|0.1),0.3302901659204668,0.8474296286113356,0.3155572444719656,0.8567905040207751
ANN_Options(relu|3|2|32|0.001),0.3137084757090718,0.8478260869171371,0.3046997808584984,0.8535532602658161
ANN_Options(relu|3|2|32|0.005),0.33509871134027647,0.8517906699751522,0.3219223364036808,0.8567905040207751
ANN_Options(relu|3|2|32|0.01),0.3378014434033,0.8492136910504577,0.3245584768673406,0.8577154307974052
ANN_Options(relu|3|2|32|0.05),0.3007586134485167,0.8691687590461182,0.2900687856879645,0.8742099582772235
ANN_Options(relu|3|2|32|0.1),0.6856897297128592,0.5617814193246732,0.6858353420474119,0.5612763989241847
ANN_Options(relu|3|3|32|0.001),0.33320970383332554,0.8476278578272517,0.3205239687299295,0.8557114228181264
ANN_Options(relu|3|3|32|0.005),0.6854998493456094,0.5617814193246732,0.685628832323775,0.5612763989241847
ANN_Options(relu|3|3|32|0.01),0.6854939349689839,0.5617814193246732,0.6856199407662047,0.5612763989241847
ANN_Options(relu|3|3|32|0.05),0.3335921488405928,0.8418792123931299,0.3208879999677444,0.8527824879887109
ANN_Options(relu|3|3|32|0.1),0.6858761037642155,0.5617814193246732,0.6860297305458625,0.5612763989241847
ANN_Options(relu|6|1|32|0.001),0.3366664423918305,0.828069248019239,0.3252767135949206,0.8389085863760114
ANN_Options(relu|6|1|32|0.005),0.3105562694348101,0.8572089335429113,0.30221438548479274,0.8638816092715198
ANN_Options(relu|6|1|32|0.01),0.30513348714259586,0.8475617813799361,0.2948014149822769,0.8572529673723368
ANN_Options(relu|6|1|32|0.05),0.33853506374756126,0.8412184485422505,0.32499947631710097,0.8463080005522996
ANN_Options(relu|6|1|32|0.1),0.3071864323413118,0.8620325095968295,0.29881364885382833,0.8692770154685292
ANN_Options(relu|6|2|32|0.001),0.3332917599810687,0.8439936566277226,0.3211288678962166,0.8540157237276378
ANN_Options(relu|6|2|32|0.005),0.3236013863137743,0.8394343861740206,0.3127607066320384,0.8452289192761444
ANN_Options(relu|6|2|32|0.01),0.31606258932233755,0.8504030659678623,0.3054783236214132,0.8570988129463184
ANN_Options(relu|6|2|32|0.05),0.2848387367937734,0.8663274745133306,0.27577322787177827,0.8711268690217896
ANN_Options(relu|6|2|32|0.1),0.307978148404147,0.8490815382188419,0.30000645853033486,0.8574071218718617
ANN_Options(relu|6|3|32|0.001),0.28905825317102896,0.8610413637771873,0.27511926272148085,0.8680437798398623
ANN_Options(relu|6|3|32|0.005),0.32801429138672594,0.8433989691768973,0.3163488407623461,0.8512409433609939
ANN_Options(relu|6|3|32|0.01),0.2982723530176626,0.8648077176823017,0.29125509845359643,0.8697394790314225
ANN_Options(relu|6|3|32|0.05),0.320722759498604,0.8583983084681927,0.30885453266080876,0.8624942192168343
ANN_Options(relu|6|3|32|0.1),0.292083865174123,0.859257301456219,0.2822946527714683,0.8674271619520221
ANN_Options(relu|9|1|32|0.001),0.30575310142600776,0.8594555306091197,0.28955686140155984,0.8677354709143188
ANN_Options(relu|9|1|32|0.005),0.30698927739533943,0.8516585172065517,0.29727616472017865,0.8561738861329349
ANN_Options(relu|9|1|32|0.01),0.2692313966685563,0.8694991409676195,0.2583146277710012,0.8782179743092876
ANN_Options(relu|9|1|32|0.05),0.2818080821999222,0.8689044535640557,0.27272363129732735,0.8791429010859179
ANN_Options(relu|9|1|32|0.1),0.27454792225204905,0.8699616756498444,0.26917979687897947,0.8757515029416938
ANN_Options(relu|9|2|32|0.001),0.2920415321547399,0.8608431346794251,0.2810689967182507,0.8748265761283103
ANN_Options(relu|9|2|32|0.005),0.280501459893201,0.8694991409676195,0.26994838857661785,0.8780638199200225
ANN_Options(relu|9|2|32|0.01),0.2840519212023875,0.8635522664357353,0.2744364701963746,0.8726684136495065
ANN_Options(relu|9|2|32|0.05),0.3119295596981893,0.8439936566907379,0.2996078756413475,0.8554031138558298
ANN_Options(relu|9|2|32|0.1),0.31847776595645366,0.8546980308843632,0.30835255152623825,0.8628025281056245
ANN_Options(relu|9|3|32|0.001),0.2850047297784607,0.8610413637693104,0.2782392770359765,0.8694311699313009
ANN_Options(relu|9|3|32|0.005),0.2697074441814007,0.8797409805262815,0.2600925056054483,0.8853090795967857
ANN_Options(relu|9|3|32|0.01),0.25765809882296836,0.8727368837983318,0.2506421734275262,0.8823801448041234
ANN_Options(relu|9|3|32|0.05),0.30324422094581527,0.8650720232746412,0.2968039289082403,0.8726684136862598
ANN_Options(relu|9|3|32|0.1),0.2695956816442643,0.8678472314152517,0.25861453324331235,0.8817635271276147
ANN_Options(relu|12|1|32|0.001),0.3280095612890925,0.8365931016491098,0.3180016769509443,0.846770463977368
ANN_Options(relu|12|1|32|0.005),0.2784133439171467,0.8646094885294009,0.27043366338698765,0.8735933406007148
ANN_Options(relu|12|1|32|0.01),0.3049656658699101,0.8608431346794251,0.29125071807269304,0.8672730074524971
ANN_Options(relu|12|1|32|0.05),0.26104955852338907,0.8752477864568797,0.2558952125292705,0.8848466162819772
ANN_Options(relu|12|1|32|0.1),0.27893667002012223,0.8695652174070582,0.26776158698712876,0.8745182672027669
ANN_Options(relu|12|2|32|0.001),0.2784856989028606,0.8702259811870453,0.2683806302864636,0.8776013565317075
ANN_Options(relu|12|2|32|0.005),0.25899762673360344,0.8800713624477827,0.2496771514507624,0.8866964697984843
ANN_Options(relu|12|2|32|0.01),0.2597419347215773,0.8787498347696546,0.2524384690374848,0.8854632340963107
ANN_Options(relu|12|2|32|0.05),0.2630395724930315,0.8708206686536245,0.25632657588254104,0.8774472021700073
ANN_Options(relu|12|2|32|0.1),0.6879527052957725,0.5617814193246732,0.6880069496507764,0.5612763989241847
ANN_Options(relu|12|3|32|0.001),0.2712829107729056,0.8751817100725795,0.2639679599473523,0.8785262832715843
ANN_Options(relu|12|3|32|0.005),0.2934987649185679,0.8701599048657604,0.28042729954442425,0.8782179743460409
ANN_Options(relu|12|3|32|0.01),0.2794173978366577,0.8635522664436123,0.2703990804702526,0.8722059502611914
ANN_Options(relu|12|3|32|0.05),0.26481716329502875,0.8745209461744385,0.2592411348379428,0.880067827862548
ANN_Options(relu|12|3|32|0.1),0.27295772470775076,0.8693669881911421,0.26885803737560626,0.8759056573677122
RERUN GRID SEARCH WITH NO OUTLIER, NO CO2 FEATURES:
ANN_Options(tanh|3|1|32|0.001),0.18601016779400772,0.9237634808478988,0.19568181432086768,0.9196598993579733
ANN_Options(tanh|3|1|32|0.005),0.220288742992815,0.9099293417671703,0.23022576532294803,0.9061252819711956
ANN_Options(tanh|3|1|32|0.01),0.24730196881799638,0.9084417999300561,0.2581965474128392,0.8991844525420788
ANN_Options(tanh|3|1|32|0.05),0.17850387934283635,0.9291186314659431,0.19316930377103794,0.9196598993579733
ANN_Options(tanh|3|1|32|0.1),0.17051421462735886,0.9313499442171811,0.18483910097593692,0.9266007287870901
ANN_Options(tanh|3|2|32|0.001),0.18095143463541558,0.9225734473782076,0.19163019869572873,0.91827173347215
ANN_Options(tanh|3|2|32|0.005),0.18498367156491222,0.9238378579397546,0.19440834028877443,0.9196598993579733
ANN_Options(tanh|3|2|32|0.01),0.18959296539442475,0.9195239866121234,0.20123477102634332,0.9194863786222454
ANN_Options(tanh|3|2|32|0.05),0.18480921703096037,0.9169207883971737,0.19600909084091991,0.9109838625715773
ANN_Options(tanh|3|2|32|0.1),0.1770298599454274,0.9246560059501674,0.19275807605323622,0.9191393371507895
ANN_Options(tanh|3|3|32|0.001),0.19026953638952077,0.9250278914094459,0.19788600454365815,0.9248655214298108
ANN_Options(tanh|3|3|32|0.005),0.20322443644612107,0.9149126069170695,0.211011822932548,0.913760194343224
ANN_Options(tanh|3|3|32|0.01),0.18068341570700266,0.9251766455931573,0.19159336684039954,0.918098212736422
ANN_Options(tanh|3|3|32|0.05),0.20271883826355103,0.9156563778356266,0.21343220521359937,0.9104633003643935
ANN_Options(tanh|3|3|32|0.1),0.18773656953728832,0.9254741539605802,0.2012444352619602,0.9217421481867083
ANN_Options(tanh|6|1|32|0.001),0.18731644972189068,0.9208627742655262,0.1951599109458278,0.9194863786222454
ANN_Options(tanh|6|1|32|0.005),0.18442738481771995,0.9214577910003718,0.19410598432280302,0.91827173347215
ANN_Options(tanh|6|1|32|0.01),0.1810424005832314,0.9233172183011978,0.1915022876387087,0.9194863786222454
ANN_Options(tanh|6|1|32|0.05),0.1796974568489583,0.9295648940126441,0.1922971467223615,0.9269477702585459
ANN_Options(tanh|6|1|32|0.1),0.17667896472840294,0.9303086649312012,0.18830926919883786,0.9293770605587368
ANN_Options(tanh|6|2|32|0.001),0.1743328378740497,0.9251766455931573,0.18460966802457338,0.9231303140725317
ANN_Options(tanh|6|2|32|0.005),0.17891972423286942,0.9248047601338788,0.1894641463867331,0.9205275030366129
ANN_Options(tanh|6|2|32|0.01),0.177936732916417,0.9251022685013016,0.1896031735923562,0.9215686274509803
ANN_Options(tanh|6|2|32|0.05),0.164335074384623,0.9309036816660469,0.1769435108302679,0.9255596043727226
ANN_Options(tanh|6|2|32|0.1),0.2268835902812535,0.9136481963599558,0.23693271231280522,0.905084157556828
ANN_Options(tanh|6|3|32|0.001),0.1695148774419588,0.9263666790628486,0.18102536527153915,0.9236508762797154
ANN_Options(tanh|6|3|32|0.005),0.1901784995290239,0.919375232428412,0.20103014930733662,0.9172306090577824
ANN_Options(tanh|6|3|32|0.01),0.1859139998990304,0.922722201561919,0.19936682300685118,0.9154954017005033
ANN_Options(tanh|6|3|32|0.05),0.18940438324521136,0.9220528077352176,0.20655421051386638,0.9125455492034712
ANN_Options(tanh|6|3|32|0.1),0.17750139152219013,0.9231684641130532,0.1893045836291999,0.9187922956793336
ANN_Options(tanh|9|1|32|0.001),0.1791384357486617,0.9245816288583116,0.18913907421332318,0.9212215859795245
ANN_Options(tanh|9|1|32|0.005),0.18502735065544967,0.9207140200818148,0.19457704972578546,0.9186187749436058
ANN_Options(tanh|9|1|32|0.01),0.19195339388677116,0.9152844923763481,0.20199335734814836,0.9153218809647753
ANN_Options(tanh|9|1|32|0.05),0.16455644185590051,0.9320193380438825,0.17383044520103744,0.9279888946729135
ANN_Options(tanh|9|1|32|0.1),0.19307233157566642,0.9262179248835705,0.20540882674186942,0.9187922956793336
ANN_Options(tanh|9|2|32|0.001),0.17638660128695585,0.9256229081442916,0.1868234064863743,0.9231303140725317
ANN_Options(tanh|9|2|32|0.005),0.18623113338501315,0.9217552993677948,0.1952592402906048,0.9191393371507895
ANN_Options(tanh|9|2|32|0.01),0.18282315279525113,0.9217552993677948,0.1928495984332503,0.9196598993579733
ANN_Options(tanh|9|2|32|0.05),0.1687883597339738,0.9296392711044998,0.1814785968569181,0.9231303140725317
ANN_Options(tanh|9|2|32|0.1),0.16098328754388963,0.931126812941614,0.17329768775412033,0.9281624154086413
ANN_Options(tanh|9|3|32|0.001),0.18387571916832007,0.9259204165161476,0.19547894943661312,0.9194863786222454
ANN_Options(tanh|9|3|32|0.005),0.1993972871284939,0.9217552993722279,0.21090631278882357,0.9165365261148707
ANN_Options(tanh|9|3|32|0.01),0.18929859109308783,0.9213090368166604,0.20210428954298124,0.913760194343224
ANN_Options(tanh|9|3|32|0.05),0.19587285794503365,0.9146894756415024,0.20753632617864512,0.9071664063855631
ANN_Options(tanh|9|3|32|0.1),0.1791044980509213,0.9253253997768687,0.1923643574622818,0.9205275030366129
ANN_Options(tanh|12|1|32|0.001),0.18232586578659604,0.9233915953886203,0.19226541537445657,0.9189658164150616
ANN_Options(tanh|12|1|32|0.005),0.18441964875991215,0.9240609892153216,0.19452681622296472,0.9200069408294291
ANN_Options(tanh|12|1|32|0.01),0.18568829726490135,0.9190033469691335,0.1960589966591129,0.9172306090577824
ANN_Options(tanh|12|1|32|0.05),0.17563539376851572,0.9280773521755299,0.1889595907157584,0.92243623112962
ANN_Options(tanh|12|1|32|0.1),0.15849131443168915,0.9339531424321309,0.17242677007972645,0.9283359361443693
ANN_Options(tanh|12|2|32|0.001),0.17322773616102913,0.9253253997768687,0.18412847678611288,0.9220891896581641
ANN_Options(tanh|12|2|32|0.005),0.2185249501841358,0.9166976571260398,0.22925332610068916,0.9078604893284747
ANN_Options(tanh|12|2|32|0.01),0.18984364936922773,0.9184083302342878,0.20249745322922422,0.911677945514489
ANN_Options(tanh|12|2|32|0.05),0.18589817379632817,0.922945332837486,0.2021603535187859,0.9142807565504077
ANN_Options(tanh|12|2|32|0.1),0.16589780783467065,0.9324656005950167,0.17524606274525242,0.9304181849731042
ANN_Options(tanh|12|3|32|0.001),0.18254245703395036,0.923986612123466,0.19341600761295874,0.9222627103938921
ANN_Options(tanh|12|3|32|0.005),0.206481779375321,0.9155820007437709,0.21781158119145314,0.9141072358146799
ANN_Options(tanh|12|3|32|0.01),0.24287171823112172,0.9039791744187137,0.2528756486600045,0.8957140378275203
ANN_Options(tanh|12|3|32|0.05),0.22149116472933716,0.9102268501345931,0.23231301468196022,0.9040430331424605
ANN_Options(tanh|12|3|32|0.1),0.17177455474138703,0.9268129416139829,0.18701536740132263,0.9231303140725317
ANN_Options(sigmoid|3|1|32|0.001),0.23286603418102314,0.9079955373789219,0.2412193267063695,0.9012667013811565
ANN_Options(sigmoid|3|1|32|0.005),0.2434013953192077,0.9044998140617035,0.25189244794220883,0.8998785354953331
ANN_Options(sigmoid|3|1|32|0.01),0.21203183132549697,0.914020081814801,0.2207285332458416,0.9101162588929377
ANN_Options(sigmoid|3|1|32|0.05),0.18356053917081705,0.9228709557456304,0.19400016227344372,0.9215686274509803
ANN_Options(sigmoid|3|1|32|0.1),0.1785485448315047,0.922722201561919,0.1877900289241357,0.9213951067152525
ANN_Options(sigmoid|3|2|32|0.001),0.6767741149001159,0.5600595016757012,0.679010898355765,0.5511018566822149
ANN_Options(sigmoid|3|2|32|0.005),0.6848032440293362,0.5600595016757012,0.6870324840856761,0.5511018566822149
ANN_Options(sigmoid|3|2|32|0.01),0.2168521321165646,0.9088136853893347,0.22588477599813192,0.9069928856601778
ANN_Options(sigmoid|3|2|32|0.05),0.18428893622832476,0.9236891037560432,0.19405725912751579,0.9210480652437967
ANN_Options(sigmoid|3|2|32|0.1),0.21222690837495875,0.9126812941658315,0.22384966538325998,0.9090751344785701
ANN_Options(sigmoid|3|3|32|0.001),0.6857780679090619,0.5600595016757012,0.6878050178594521,0.5511018566822149
ANN_Options(sigmoid|3|3|32|0.005),0.6858830368886787,0.5600595016757012,0.6879098815324715,0.5511018566822149
ANN_Options(sigmoid|3|3|32|0.01),0.6184961394600462,0.673856452221585,0.6216769737852296,0.6661461044698256
ANN_Options(sigmoid|3|3|32|0.05),0.20831595575689782,0.9134994421718111,0.21917661924691492,0.9108103418358494
ANN_Options(sigmoid|3|3|32|0.1),0.18586963688453895,0.9240609892153216,0.2008766136868286,0.9191393371507895
ANN_Options(sigmoid|6|1|32|0.001),0.23320875745938585,0.9080699144707776,0.24148205303802436,0.9026548672669799
ANN_Options(sigmoid|6|1|32|0.005),0.23739970441022384,0.9068055039092305,0.24560803660042435,0.9017872635883402
ANN_Options(sigmoid|6|1|32|0.01),0.23190686862545856,0.9017478616630423,0.2399456938087123,0.897796286666598
ANN_Options(sigmoid|6|1|32|0.05),0.212059113898655,0.9207883971736706,0.22054829798947806,0.9146277980218636
ANN_Options(sigmoid|6|1|32|0.1),0.18073198895287718,0.9227965786537746,0.1926526130228309,0.9184452542078778
ANN_Options(sigmoid|6|2|32|0.001),0.2431588137557667,0.9051692078884049,0.25140221934858015,0.900052056231061
ANN_Options(sigmoid|6|2|32|0.005),0.2534800275079643,0.9035329118675793,0.26117086322610006,0.8983168488737818
ANN_Options(sigmoid|6|2|32|0.01),0.21441185078287534,0.9091111937567575,0.22325504335516466,0.9071664063959057
ANN_Options(sigmoid|6|2|32|0.05),0.18824542732033067,0.9225734473826407,0.19837350033336104,0.9132396321360402
ANN_Options(sigmoid|6|2|32|0.1),0.1781456530371223,0.9248047601338788,0.1896007812500993,0.9198334200937012
ANN_Options(sigmoid|6|3|32|0.001),0.6322716851401126,0.66701375976421,0.6353214123938701,0.6598993579836204
ANN_Options(sigmoid|6|3|32|0.005),0.6852486734897419,0.5600595016757012,0.6875616529015602,0.5511018566822149
ANN_Options(sigmoid|6|3|32|0.01),0.237116084656515,0.9048716995254154,0.24559399314934482,0.8997050147596052
ANN_Options(sigmoid|6|3|32|0.05),0.18801526353677528,0.9226478244700632,0.19749992644230402,0.9177511712649662
ANN_Options(sigmoid|6|3|32|0.1),0.19717308922565838,0.9160282632949052,0.2092842123878927,0.913760194343224
ANN_Options(sigmoid|9|1|32|0.001),0.22430467039025287,0.9096318333997475,0.2324490608822321,0.9049106368314428
ANN_Options(sigmoid|9|1|32|0.005),0.23739042456108383,0.9068798810010863,0.24545411473654344,0.9019607843240681
ANN_Options(sigmoid|9|1|32|0.01),0.21245658831686812,0.9130531796206768,0.2208292715751771,0.9080340100745453
ANN_Options(sigmoid|9|1|32|0.05),0.21776187232144484,0.9104499814057271,0.2287392494306369,0.9068193649141072
ANN_Options(sigmoid|9|1|32|0.1),0.18014953828248095,0.9255485310568691,0.1910078857102453,0.920180461565157
ANN_Options(sigmoid|9|2|32|0.001),0.23991283298913055,0.9053923391639721,0.24856109993957964,0.9009196599097006
ANN_Options(sigmoid|9|2|32|0.005),0.26210905470427814,0.9020453700304653,0.26943183742669147,0.8944993926877676
ANN_Options(sigmoid|9|2|32|0.01),0.20419925514673734,0.9155820007437709,0.21290300366842518,0.911677945514489
ANN_Options(sigmoid|9|2|32|0.05),0.1833011429808139,0.9208627742655262,0.1927501764675302,0.9191393371507895
ANN_Options(sigmoid|9|2|32|0.1),0.28546296442007213,0.9015247303874753,0.2979051800841944,0.8972757244594143
ANN_Options(sigmoid|9|3|32|0.001),0.48438850529976785,0.7797694310241138,0.4894484299070695,0.7789345826929732
ANN_Options(sigmoid|9|3|32|0.005),0.6857951826435698,0.5600595016757012,0.6876817957489891,0.5511018566822149
ANN_Options(sigmoid|9|3|32|0.01),0.4314712308294581,0.8145035329162964,0.4357968615498908,0.8150268957243805
ANN_Options(sigmoid|9|3|32|0.05),0.18342448792611857,0.922722201561919,0.193413118030097,0.9198334200937012
ANN_Options(sigmoid|9|3|32|0.1),0.19121569042402645,0.9179620676831536,0.20234363397598557,0.9186187749436058
ANN_Options(sigmoid|12|1|32|0.001),0.22872289839443463,0.910003718859026,0.23665915609812666,0.9030019087384357
ANN_Options(sigmoid|12|1|32|0.005),0.23668915575301616,0.9060617329951067,0.2443467453548773,0.8998785354953331
ANN_Options(sigmoid|12|1|32|0.01),0.21667490853568178,0.9101524730427374,0.22490319927161131,0.9071664063959057
ANN_Options(sigmoid|12|1|32|0.05),0.18380922827746354,0.9242841204908888,0.19396124235896545,0.9200069408294291
ANN_Options(sigmoid|12|1|32|0.1),0.17910173821843836,0.9253253997768687,0.19039798616385598,0.9234773555439875
ANN_Options(sigmoid|12|2|32|0.001),0.22631729417416455,0.9103756043183046,0.2347250605092867,0.9024813465312519
ANN_Options(sigmoid|12|2|32|0.005),0.2375255032692225,0.9062848642662406,0.24573207774986394,0.9014402221168843
ANN_Options(sigmoid|12|2|32|0.01),0.21114239806621746,0.9114168835998513,0.2199953215653421,0.9076869686030895
ANN_Options(sigmoid|12|2|32|0.05),0.18163333681933982,0.9253997768687244,0.19094952172353288,0.9207010237723408
ANN_Options(sigmoid|12|2|32|0.1),0.20041743100420964,0.9191521011572782,0.21223058781932258,0.911504424778761
ANN_Options(sigmoid|12|3|32|0.001),0.6836764960273042,0.5600595016757012,0.6860904910075009,0.5511018566822149
ANN_Options(sigmoid|12|3|32|0.005),0.6858101564253427,0.5600595016757012,0.6874474734559193,0.5511018566822149
ANN_Options(sigmoid|12|3|32|0.01),0.24552010506136615,0.9036072889594351,0.2536492674648193,0.8983168488737818
ANN_Options(sigmoid|12|3|32|0.05),0.20470466092422843,0.9156563778400598,0.21532646642259978,0.9069928856498352
ANN_Options(sigmoid|12|3|32|0.1),0.19913003319876485,0.9179620676831536,0.2122211766940075,0.913760194343224
ANN_Options(elu|3|1|32|0.001),0.187376845238731,0.9230197099293418,0.19541662470548285,0.9208745445080687
ANN_Options(elu|3|1|32|0.005),0.19088019927158015,0.9182595760505764,0.20344982958545335,0.9172306090577824
ANN_Options(elu|3|1|32|0.01),0.20463443935449435,0.9228709557456304,0.21295762200922722,0.9191393371507895
ANN_Options(elu|3|1|32|0.05),0.20584128300644466,0.9148382298252138,0.21987485303070817,0.9075134478570189
ANN_Options(elu|3|1|32|0.1),0.17955873261578867,0.925771662328003,0.1895759501572845,0.9255596043727226
ANN_Options(elu|3|2|32|0.001),0.185785310911884,0.9199702491632578,0.19747355937021754,0.91827173347215
ANN_Options(elu|3|2|32|0.005),0.23142208123060795,0.9079211602870662,0.24491830789161684,0.9040430331424605
ANN_Options(elu|3|2|32|0.01),0.209727586647887,0.9219784306433618,0.2214545245070166,0.9191393371507895
ANN_Options(elu|3|2|32|0.05),0.1771384254059148,0.9268129416139829,0.18945938268808593,0.9269477702585459
ANN_Options(elu|3|2|32|0.1),0.18094438102585358,0.9285979918185199,0.1904148116485435,0.9250390421655388
ANN_Options(elu|3|3|32|0.001),0.1793171377995946,0.9258460394198587,0.18958598865561657,0.9219156689224363
ANN_Options(elu|3|3|32|0.005),0.1882141384494575,0.925771662328003,0.19974718505198935,0.9208745445080687
ANN_Options(elu|3|3|32|0.01),0.20958775491043288,0.9129044254369654,0.22263468815937817,0.9099427381572098
ANN_Options(elu|3|3|32|0.05),0.2437837609308455,0.8953514317634514,0.2578415435887699,0.8865174388339406
ANN_Options(elu|3|3|32|0.1),0.19013920325291295,0.9203421346225362,0.20421347036406995,0.9187922956793336
ANN_Options(elu|6|1|32|0.001),0.17847128353539166,0.922945332837486,0.18865905102111596,0.9212215859795245
ANN_Options(elu|6|1|32|0.005),0.19927297767186616,0.9197471178876906,0.2103662419351215,0.9174041297935103
ANN_Options(elu|6|1|32|0.01),0.1883710435816416,0.9181851989587207,0.19804908476127386,0.9175776505292382
ANN_Options(elu|6|1|32|0.05),0.17157126951168886,0.9274823354406843,0.18298748395167022,0.9200069408294291
ANN_Options(elu|6|1|32|0.1),0.2258750448875509,0.917590182223875,0.2391939101798572,0.9153218809647753
ANN_Options(elu|6|2|32|0.001),0.1789614921732878,0.923465972480476,0.19044836788836936,0.9203539823008849
ANN_Options(elu|6|2|32|0.005),0.2564317045711859,0.8967645965087099,0.2669197013399656,0.8872115217768524
ANN_Options(elu|6|2|32|0.01),0.2095216641043943,0.9134994421762443,0.2213769836734923,0.9059517612354676
ANN_Options(elu|6|2|32|0.05),0.18556733433310982,0.9245816288583116,0.19866912364804576,0.9203539823008849
ANN_Options(elu|6|2|32|0.1),0.17173099704516248,0.930606173298624,0.18327184605832195,0.9264272080513621
ANN_Options(elu|6|3|32|0.001),0.17888664253119776,0.925771662328003,0.19008874916330137,0.9236508762797154
ANN_Options(elu|6|3|32|0.005),0.1792690659354016,0.9235403495723318,0.18890158433622936,0.9213951067152525
ANN_Options(elu|6|3|32|0.01),0.4681894882588016,0.6858311640103539,0.4812054313679195,0.6828040950997059
ANN_Options(elu|6|3|32|0.05),0.1816155878799961,0.925251022685013,0.1930713089282844,0.920180461565157
ANN_Options(elu|6|3|32|0.1),0.18993390052236114,0.9291930085533656,0.2027555648163129,0.9264272080513621
ANN_Options(elu|9|1|32|0.001),0.19257107387581204,0.9175158051320194,0.20422530830625277,0.9163630053791428
ANN_Options(elu|9|1|32|0.005),0.2125729965250392,0.9208627742699594,0.2252467165628531,0.9139337150789519
ANN_Options(elu|9|1|32|0.01),0.19371289351962676,0.9143919672740796,0.20442356057523253,0.9121985077216728
ANN_Options(elu|9|1|32|0.05),0.1736445732500616,0.9291930085533656,0.18570521951326785,0.9248655214298108
ANN_Options(elu|9|1|32|0.1),0.17796622120223554,0.9269616957976943,0.1899755954601513,0.9248655214298108
ANN_Options(elu|9|2|32|0.001),0.17673485087900634,0.9253997768687244,0.18698821870476634,0.9215686274509803
ANN_Options(elu|9|2|32|0.005),0.18456773294330575,0.9232428412049088,0.19448047988575695,0.9187922956793336
ANN_Options(elu|9|2|32|0.01),0.1867264105113034,0.9196727407958348,0.19794109464855258,0.9174041297935103
ANN_Options(elu|9|2|32|0.05),0.22885797453352225,0.9098549646753146,0.2398027668776724,0.9042165538781884
ANN_Options(elu|9|2|32|0.1),0.18852419474225543,0.9244328746746002,0.20294669452416655,0.9194863786222454
ANN_Options(elu|9|3|32|0.001),0.19319269451544427,0.9229453328419193,0.20558153980647692,0.91827173347215
ANN_Options(elu|9|3|32|0.005),0.18058005813640837,0.922201561918929,0.19157581253559997,0.9212215859795245
ANN_Options(elu|9|3|32|0.01),0.22727205451645785,0.9155820007437709,0.2383612654993316,0.9153218809647753
ANN_Options(elu|9|3|32|0.05),0.2062540972219519,0.911788769063563,0.2208006323552599,0.9019607843137255
ANN_Options(elu|9|3|32|0.1),0.16073773912268086,0.9353663071773893,0.16942571412365345,0.9326739545375672
ANN_Options(elu|12|1|32|0.001),0.18777689092905825,0.9224990702863518,0.19876093224645094,0.9200069408294291
ANN_Options(elu|12|1|32|0.005),0.2067751878697263,0.9213090368166604,0.218244219276716,0.9153218809647753
ANN_Options(elu|12|1|32|0.01),0.18980025559519692,0.9174414280401636,0.19893718005240263,0.9167100468505986
ANN_Options(elu|12|1|32|0.05),0.24172374689255385,0.8995909259992269,0.24993973348820436,0.8946729134234955
ANN_Options(elu|12|1|32|0.1),0.21549935071175316,0.9151357381926367,0.22929474909609027,0.911677945514489
ANN_Options(elu|12|2|32|0.001),0.18230753179241974,0.9217552993677948,0.19288213269983173,0.9205275030366129
ANN_Options(elu|12|2|32|0.005),0.19251161079373047,0.9242097434034663,0.20325487291396088,0.9194863786222454
ANN_Options(elu|12|2|32|0.01),0.1859904345713747,0.9195239866121234,0.19833073173052482,0.9160159639076869
ANN_Options(elu|12|2|32|0.05),0.1668320784807294,0.9324656005950167,0.17866474065788088,0.9302446642373764
ANN_Options(elu|12|2|32|0.1),0.23731400497831256,0.9156563778356266,0.25130711583271637,0.9139337150789519
ANN_Options(elu|12|3|32|0.001),0.17246196512707818,0.9255485310524358,0.18297343624330076,0.9234773555439875
ANN_Options(elu|12|3|32|0.005),0.18335984792351145,0.9205652658981034,0.19387410274711145,0.9172306090577824
ANN_Options(elu|12|3|32|0.01),0.2046569807073271,0.9178876905912979,0.21722415085858032,0.9167100468505986
ANN_Options(elu|12|3|32|0.05),0.16929196007480493,0.9280029750836742,0.18246906790019385,0.9215686274509803
ANN_Options(elu|12|3|32|0.1),0.17956768303012352,0.9261435477872815,0.18854055485930393,0.91827173347215
ANN_Options(softplus|3|1|32|0.001),0.18904341444755496,0.9213090368166604,0.20173670765340235,0.9207010237723408
ANN_Options(softplus|3|1|32|0.005),0.20240648925060586,0.9184083302342878,0.21274130478431508,0.9156689224362311
ANN_Options(softplus|3|1|32|0.01),0.21379216214722974,0.9106731126857274,0.22331121138570292,0.9083810515356585
ANN_Options(softplus|3|1|32|0.05),0.1813217914926824,0.9233915953886203,0.19276592930778538,0.9210480652437967
ANN_Options(softplus|3|1|32|0.1),0.1836910443230161,0.9262179248835705,0.20041024655300194,0.9189658164150616
ANN_Options(softplus|3|2|32|0.001),0.1893403230867407,0.9225734473782076,0.19884538611339939,0.9189658164150616
ANN_Options(softplus|3|2|32|0.005),0.19790741777544174,0.9199702491632578,0.2073923501598324,0.9172306090577824
ANN_Options(softplus|3|2|32|0.01),0.19706281259872072,0.9148382298252138,0.20679253873189207,0.9121985077216728
ANN_Options(softplus|3|2|32|0.05),0.1882478426982586,0.922424693194496,0.1954017863486886,0.920180461565157
ANN_Options(softplus|3|2|32|0.1),0.18887680071842808,0.9251766455975905,0.20209115179058124,0.917924692000694
ANN_Options(softplus|3|3|32|0.001),0.18691932127661048,0.9213834139085162,0.19554657029589492,0.9172306090577824
ANN_Options(softplus|3|3|32|0.005),0.20749241505005228,0.9129044254369654,0.21667315836646128,0.9092486552142981
ANN_Options(softplus|3|3|32|0.01),0.1868121418424502,0.9207140200818148,0.19692689678501632,0.9196598993579733
ANN_Options(softplus|3|3|32|0.05),0.22016654724124285,0.9157307549274823,0.2313307039097078,0.9146277980218636
ANN_Options(softplus|3|3|32|0.1),0.6869509564628828,0.5600595016757012,0.6899362533079674,0.5511018566822149
ANN_Options(softplus|6|1|32|0.001),0.193865214870649,0.9204908888062476,0.20526410921252314,0.9187922956793336
ANN_Options(softplus|6|1|32|0.005),0.23542859428830643,0.904648568245415,0.2462325821304702,0.8988374110809656
ANN_Options(softplus|6|1|32|0.01),0.1970646510828202,0.9232428412093421,0.20843965207125895,0.9156689224362311
ANN_Options(softplus|6|1|32|0.05),0.2026299854755047,0.916623280034184,0.21409672982092226,0.9075134478570189
ANN_Options(softplus|6|1|32|0.1),0.1846417749945494,0.9212346597248048,0.1966113507496841,0.9186187749436058
ANN_Options(softplus|6|2|32|0.001),0.1880357291595162,0.9185570844179992,0.19962497318492217,0.917924692000694
ANN_Options(softplus|6|2|32|0.005),0.20307497931107485,0.9213834139129494,0.21435930199291522,0.9153218809647753
ANN_Options(softplus|6|2|32|0.01),0.19066098533451623,0.9180364447750093,0.2010200314318143,0.9153218809647753
ANN_Options(softplus|6|2|32|0.05),0.18435906045562764,0.9251022685057348,0.19748547984538922,0.9165365261148707
ANN_Options(softplus|6|2|32|0.1),0.19049012258443837,0.9255485310524358,0.20072773014653086,0.9220891896581641
ANN_Options(softplus|6|3|32|0.001),0.17964115327909205,0.9265898103384158,0.1890914552579546,0.9233038348082596
ANN_Options(softplus|6|3|32|0.005),0.188694312646514,0.9199702491632578,0.19917554743542723,0.9196598993579733
ANN_Options(softplus|6|3|32|0.01),0.1976622113156558,0.9238378579397546,0.20553690488814647,0.9200069408294291
ANN_Options(softplus|6|3|32|0.05),0.1881016259556501,0.920416511714392,0.199505452557289,0.9193128578865174
ANN_Options(softplus|6|3|32|0.1),0.18176791393300246,0.9241353663116106,0.1947536451375859,0.9168835675863266
ANN_Options(softplus|9|1|32|0.001),0.1937718564225378,0.9195983637039792,0.20552886827277905,0.9153218809647753
ANN_Options(softplus|9|1|32|0.005),0.19445246499171706,0.9169951654890294,0.20563447339169044,0.9148013187575915
ANN_Options(softplus|9|1|32|0.01),0.19700427197443593,0.920639642989959,0.2086957378968087,0.9168835675863266
ANN_Options(softplus|9|1|32|0.05),0.1959199125481255,0.9239122350360435,0.2088406370028675,0.9172306090577824
ANN_Options(softplus|9|1|32|0.1),0.19220791556171077,0.922499070290785,0.2042978849509576,0.9153218809647753
ANN_Options(softplus|9|2|32|0.001),0.18944838050463333,0.924730383042023,0.19961364991974545,0.9187922956793336
ANN_Options(softplus|9|2|32|0.005),0.2611055278786943,0.8983265154376798,0.2717786399922643,0.8934582682734
ANN_Options(softplus|9|2|32|0.01),0.18591483093052824,0.9233915953886203,0.1945090980855475,0.9165365261148707
ANN_Options(softplus|9|2|32|0.05),0.1894200614523648,0.9172926738564522,0.20088369344105309,0.9134131528717682
ANN_Options(softplus|9|2|32|0.1),0.17499568895829926,0.9261435477872815,0.1901914914105163,0.9233038348082596
ANN_Options(softplus|9|3|32|0.001),0.17709723528143465,0.9255485310524358,0.18539597101557406,0.9229567933368037
ANN_Options(softplus|9|3|32|0.005),0.18853351063624596,0.9203421346225362,0.1973046432212887,0.9191393371507895
ANN_Options(softplus|9|3|32|0.01),0.23107722313065385,0.9129044254369654,0.24231395373353937,0.9101162588929377
ANN_Options(softplus|9|3|32|0.05),0.1779966824479864,0.9248791372257344,0.19088437851778897,0.9210480652437967
ANN_Options(softplus|9|3|32|0.1),0.18389455983965936,0.9251022685013016,0.19831726789531373,0.9196598993579733
ANN_Options(softplus|12|1|32|0.001),0.19419136431834297,0.9188545927854221,0.2054897400652516,0.9168835675863266
ANN_Options(softplus|12|1|32|0.005),0.22205568326255476,0.908218668654489,0.2331962367917605,0.9047371160853722
ANN_Options(softplus|12|1|32|0.01),0.2304485662934859,0.9129788025332544,0.24196438841442877,0.9019607843137255
ANN_Options(softplus|12|1|32|0.05),0.19030387072857538,0.923019709933775,0.2002280298222917,0.913760194343224
ANN_Options(softplus|12|1|32|0.1),0.6499215168507847,0.6545184083391007,0.667304460660629,0.6496616345756732
ANN_Options(softplus|12|2|32|0.001),0.1862704677823841,0.923465972480476,0.1968869736950451,0.9207010237723408
ANN_Options(softplus|12|2|32|0.005),0.19473754953345032,0.9196727407958348,0.20487698544681063,0.9174041297935103
ANN_Options(softplus|12|2|32|0.01),0.18677380124779605,0.9204908888062476,0.19569478708356697,0.9207010237723408
ANN_Options(softplus|12|2|32|0.05),0.19239288130937876,0.922499070290785,0.20311137914280086,0.9156689224362311
ANN_Options(softplus|12|2|32|0.1),0.175672617290888,0.9257716623324362,0.18643021528676484,0.9210480652437967
ANN_Options(softplus|12|3|32|0.001),0.1775171562026273,0.9258460394198587,0.18580308773235046,0.9239979177511712
ANN_Options(softplus|12|3|32|0.005),0.44488748165256875,0.7444403123860024,0.457281704233811,0.742842269661566
ANN_Options(softplus|12|3|32|0.01),0.25296540129534945,0.8976571216109784,0.2622870229793551,0.8918965816415062
ANN_Options(softplus|12|3|32|0.05),0.37072295072842104,0.8023056898563934,0.38320356200712746,0.7990629880270692
ANN_Options(softplus|12|3|32|0.1),0.20646815165661223,0.9239122350360435,0.21786554194062446,0.9189658164150616
ANN_Options(relu|3|1|32|0.001),0.19496165216744898,0.9214577910003718,0.20461084702849366,0.917924692000694
ANN_Options(relu|3|1|32|0.005),0.6859161371367267,0.5600595016757012,0.6880998184299089,0.5511018566822149
ANN_Options(relu|3|1|32|0.01),0.18321032769709283,0.9244328746746002,0.19370436070914507,0.9198334200937012
ANN_Options(relu|3|1|32|0.05),0.22317528307282733,0.9083674228382004,0.2326382777870022,0.9031754294638209
ANN_Options(relu|3|1|32|0.1),0.18927952205771273,0.9203421346225362,0.19909162799863792,0.9189658164150616
ANN_Options(relu|3|2|32|0.001),0.18732276659288474,0.9253253997768687,0.2004941430498117,0.9175776505292382
ANN_Options(relu|3|2|32|0.005),0.19437871941428683,0.917367050948308,0.2081013766610124,0.9142807565504077
ANN_Options(relu|3|2|32|0.01),0.24631172454835934,0.9121606545228416,0.254664094647082,0.9128925906645844
ANN_Options(relu|3|2|32|0.05),0.2592048455410706,0.8949051692123172,0.2770428731093778,0.8898143328127711
ANN_Options(relu|3|2|32|0.1),0.19590056449917445,0.913276310896244,0.20655570057245481,0.9094221759500261
ANN_Options(relu|3|3|32|0.001),0.1804722309367459,0.9242841204908888,0.19049126849563588,0.9208745445080687
ANN_Options(relu|3|3|32|0.005),0.6859399955527141,0.5600595016757012,0.6879759732269898,0.5511018566822149
ANN_Options(relu|3|3|32|0.01),0.20217212242856705,0.9137225734473782,0.21182187814048942,0.9121985077216728
ANN_Options(relu|3|3|32|0.05),0.2035352982311898,0.922722201561919,0.21141342565988722,0.9212215859795245
ANN_Options(relu|3|3|32|0.1),0.6868664553990902,0.5600595016757012,0.6898173822538318,0.5511018566822149
ANN_Options(relu|6|1|32|0.001),0.1913180313386541,0.9246560059546006,0.20155660687982468,0.9174041297935103
ANN_Options(relu|6|1|32|0.005),0.19872045688311732,0.9139457047229453,0.20957301081819665,0.9125455491931286
ANN_Options(relu|6|1|32|0.01),0.18021881652835933,0.925251022685013,0.19062074801428708,0.9226097518653479
ANN_Options(relu|6|1|32|0.05),0.20564019573847572,0.9166232800297508,0.21539829305253383,0.9158424431719591
ANN_Options(relu|6|1|32|0.1),0.18592379944348433,0.9196727407958348,0.19648824761580122,0.9149748394933195
ANN_Options(relu|6|2|32|0.001),0.1721767048347657,0.9261435477917147,0.18106131112316448,0.9239979177511712
ANN_Options(relu|6|2|32|0.005),0.1927690134366767,0.915805132019338,0.2042079980283298,0.9121985077216728
ANN_Options(relu|6|2|32|0.01),0.18483896579561557,0.9210859055410934,0.19856068616176714,0.9139337150789519
ANN_Options(relu|6|2|32|0.05),0.17656323830737372,0.9254741539605802,0.188665067330688,0.9219156689224363
ANN_Options(relu|6|2|32|0.1),0.19185726813786355,0.9216065451840832,0.20488076186595888,0.9203539823008849
ANN_Options(relu|6|3|32|0.001),0.1704926415164039,0.9335068798809967,0.181253877401988,0.9316328301231998
ANN_Options(relu|6|3|32|0.005),0.1763296694804763,0.9277054667162514,0.18609208253710174,0.9259066458441784
ANN_Options(relu|6|3|32|0.01),0.19523108653217144,0.9153588694682038,0.20553652035518796,0.9109838625715773
ANN_Options(relu|6|3|32|0.05),0.17402319792878365,0.92651543324656,0.18294239140052815,0.9212215859795245
ANN_Options(relu|6|3|32|0.1),0.21241576507682028,0.9160282632949052,0.2259956266360628,0.9082075307999306
ANN_Options(relu|9|1|32|0.001),0.1961825029142464,0.9160282632949052,0.20581370150615788,0.9113309040430332
ANN_Options(relu|9|1|32|0.005),0.20011431922718423,0.9143919672740796,0.2121721273642043,0.9102897796286656
ANN_Options(relu|9|1|32|0.01),0.1800913311593725,0.9242841204908888,0.18979153159760817,0.9250390421655388
ANN_Options(relu|9|1|32|0.05),0.1834496259550793,0.9251766455931573,0.1947744855246423,0.9248655214298108
ANN_Options(relu|9|1|32|0.1),0.2029135570345691,0.9130531796206768,0.21210158800015572,0.9097692174214819
ANN_Options(relu|9|2|32|0.001),0.1777835595946899,0.92651543324656,0.18649993829704523,0.9229567933368037
ANN_Options(relu|9|2|32|0.005),0.19551697570003512,0.9161026403867609,0.209407572122719,0.9123720284574006
ANN_Options(relu|9|2|32|0.01),0.19622677433175995,0.918631461509855,0.2065443596116644,0.9170570883220545
ANN_Options(relu|9|2|32|0.05),0.1804720878135586,0.9264410561591375,0.19205712095489938,0.9219156689224363
ANN_Options(relu|9|2|32|0.1),0.17640109106083704,0.9262923019709929,0.19100691503262573,0.9210480652437967
ANN_Options(relu|9|3|32|0.001),0.1946349434668178,0.917143919677174,0.20525695729768673,0.911677945514489
ANN_Options(relu|9|3|32|0.005),0.21691378218261403,0.9141688360029456,0.22837207740056065,0.9104633003643935
ANN_Options(relu|9|3|32|0.01),0.1804809299110258,0.9262923019709929,0.18970682345293224,0.917924692000694
ANN_Options(relu|9|3|32|0.05),0.17661544801843967,0.9267385645221272,0.1898569836113657,0.920180461565157
ANN_Options(relu|9|3|32|0.1),0.26274406697369723,0.9045741911535593,0.2780178612162416,0.8972757244490717
ANN_Options(relu|12|1|32|0.001),0.1810058454879379,0.9245816288627449,0.19032855965513829,0.920180461565157
ANN_Options(relu|12|1|32|0.005),0.20379753405274667,0.9198214949795464,0.2134232023808767,0.917924692000694
ANN_Options(relu|12|1|32|0.01),0.1769606380025531,0.9285979918185199,0.18897047300042324,0.9250390421655388
ANN_Options(relu|12|1|32|0.05),0.17525115068593225,0.9243584975827445,0.18414904578095526,0.9191393371507895
ANN_Options(relu|12|1|32|0.1),0.17170333473954602,0.9246560059546006,0.18261087972961035,0.9217421481867083
ANN_Options(relu|12|2|32|0.001),0.20145771280069608,0.9164745258460394,0.21242451972247162,0.9125455491931286
ANN_Options(relu|12|2|32|0.005),0.19957006497868998,0.9223503161070736,0.21125816136246936,0.9172306090577824
ANN_Options(relu|12|2|32|0.01),0.172358216399063,0.9300855336556341,0.18230567157976996,0.9264272080513621
ANN_Options(relu|12|2|32|0.05),0.1942287081998713,0.916325771662328,0.20538425349111505,0.9099427381572098
ANN_Options(relu|12|2|32|0.1),0.16447408057003937,0.9313499442171811,0.17496538763138936,0.9257331251084504
ANN_Options(relu|12|3|32|0.001),0.16727886592069494,0.9283004834510971,0.18102981169154903,0.9210480652437967
ANN_Options(relu|12|3|32|0.005),0.47907836709425056,0.6972108590642774,0.4906501191659001,0.6949505466006601
ANN_Options(relu|12|3|32|0.01),0.2952745459300517,0.8756415024216887,0.30637225162469944,0.8674301579038695
ANN_Options(relu|12|3|32|0.05),0.20191682337850123,0.9205652658981034,0.2157894887964841,0.9149748394933195
ANN_Options(relu|12|3|32|0.1),0.17542914184618724,0.9265154332509933,0.18559559081580393,0.9231303140725317
